Sample,Time (yr),$\theta_1$,$\theta_2$,$\theta_3$,$\theta_4$,$\theta_5$,$\theta_6$,$k_{eff}$,QPTR,Reward
1,0.0,92.0,95.0,85.0,90.0,88.0,94.0,1.000079870223999,1.0057431168249984,564.7105045762936
2,2.0,92.0,132.0,85.0,139.0,82.0,135.0,0.995017945766449,1.0272865891456604,76.60731934197756
3,4.0,140.0,132.0,133.0,139.0,135.0,135.0,0.9999855756759644,1.003103256225586,109.30562109671621
